{
    "xMin": -0.07999999821186066,
    "xMax": 0.07999999821186066,
    "yMin": -0.11999999731779099,
    "yMax": 0.11999999731779099,
    "zMin": 0.0,
    "zMax": 0.11199769377708435
}